title,cast,country,date_added,release_year,rating,duration,listed_in,description
101 Dalmatian Street,"Josh Brener, Michaela Dietz, Ella Kenion, Rhashan Stone","United Kingdom, United States, Canada","February 28, 2020",2018,TV-Y7,1 Season,"Action-Adventure, Animation, Comedy",Pups Dolly and Dylan adventure to find their spots.
Alaska Animal Rescue,Victoria Vosburg,United States,"September 1, 2021",2019,TV-PG,2 Seasons,"Animals & Nature, Docuseries, Family",Conservation heroes rescue and rehabilitate the wild animals of America’s last frontier.
Alaska's Grizzly Gauntlet,Les Stroud,United States,"June 5, 2020",2018,TV-PG,1 Season,"Animals & Nature, Docuseries, Family",Survival expert Les Stroud explores the world of Alaska’s most formidable wildlife.
America's Funniest Home Videos,Tom Bergeron,United States,"April 24, 2020",1989,TV-PG,9 Seasons,"Comedy, Family, Fantasy",Home videos compete for cash prizes. Program is presented as originally created.
America's National Parks,C.T. Taylor,United States,"January 15, 2020",2015,TV-14,1 Season,"Animals & Nature, Docuseries",Experience the breathtaking landscapes and majestic animals of eight U.S. National Parks.
American Dragon: Jake Long,"Dante Basco, Jeff Bennett, Amy Bruckner, John DiMaggio, Charlie Finn, Kittie",United States,"February 26, 2021",2004,TV-Y7,2 Seasons,"Action-Adventure, Animation, Comedy",Jake strives to find balance in his life as a New York teen learning to master his mystical powers.
Ancient China from Above,Dr. Allan Maca,United States,"September 18, 2020",2020,TV-14,1 Season,"Docuseries, Historical",Archaeologist Allan Maca reveals the amazing wonders of Ancient China like never before.
Andi Mack,"Peyton Lee, Joshua Rush, Sofia Wylie, Asher Angel, Lilan Bowden, Lauren Tom",United States,"November 12, 2019",2016,TV-G,3 Seasons,"Comedy, Coming of Age, Drama","Andi's life is shaken by her sister, Bex's, surprise."
Animal ER,Dr. Brian Beale,United States,"July 3, 2020",2016,TV-PG,2 Seasons,"Animals & Nature, Docuseries, Family",Animal ER brings you up close to the bleeding edge of animal care.
Austin & Ally,"Ross Lynch, Laura Marano, Raini Rodriguez, Calum Worthy",United States,"January 1, 2020",2011,TV-G,4 Seasons,"Comedy, Coming of Age, Kids","Austin, a musician, and Ally, a songwriter, form a team."
Best Friends Whenever,"Lauren Taylor, Shelby Bender, Gus Kamp, Ricky Garcia, Benjamin Royer, Matthew Royer",United States,"November 12, 2019",2015,TV-G,2 Seasons,"Buddy, Comedy, Coming of Age",Best friends gain the ability to travel through time!
Bia,"Isabela Souza, Giulia Guerrini, Julio Peña, Guido Messina, Andrea de Alba, Agustina Palma",Argentina,"November 20, 2020",2019,TV-G,1 Season,"Coming of Age, Drama, Music","Bia is filled with passion, after the loss of her sister she will rediscover music and find love."
Big City Greens,"Chris Houghton, Marieve Herington, Bob Joles, Artemis Pebdani","United States, South Korea","May 21, 2021",2017,TV-Y7,2 Seasons,"Action-Adventure, Animation, Comedy",The Green family moves from the country to Big City.
Billy Dilley's Super-Duper Subterranean Summer,"Aaron Springer, Catherine Wayne, Tom Kenny",United States,"January 1, 2020",2016,TV-Y7,1 Season,"Animation, Comedy, Fantasy",Billy and his friends get stuck inside Earth's core.
Birth of Europe,Mark Halliley,United Kingdom,"May 1, 2020",2014,TV-G,1 Season,Docuseries,Birth of Europe reveals the extraordinary story of how Europe has been created by Nature’s forces.
Bluey,"Dave Mccormack, Melanie Zanetti, Brad Elliot, Hsiao-Ling Tang","Australia, United Kingdom","May 28, 2021",2019,TV-Y,2 Seasons,"Animation, Kids","Bluey is a six year-old Blue Heeler dog, who turns everyday family life into adventures."
Bonkers,"Charlie Adler, Corey Burton, Jesse Corti, Jim Cummings, Frank Welker, Gregg Berger","United States, Hong Kong, South Korea, France, Canada, China, United Kingdom, Australia, Japan, Taiwan, Philippines","November 12, 2019",1993,TV-G,1 Season,"Animation, Comedy, Kids",A washed-up cartoon star begins a new life as the first toon cop in Hollywood.
Boy Meets World,"Ben Savage, William Daniels, Betsy Randle, Will Friedle, Rider Strong, Lee Norris",United States,"November 12, 2019",1993,TV-PG,7 Seasons,"Comedy, Coming of Age, Family","Adolescent Cory Matthews grows up, and faces problems with friends, family, and school."
Brain Games,Neil Harris,United States,"April 17, 2020",2011,TV-G,8 Seasons,"Docuseries, Family, Game Show / Competition",Brain Games features games & experiments revealing the science of how your brain works.
Breaking Bobby Bones,Bobby Bones,United States,"July 7, 2021",2021,TV-14,1 Season,"Action-Adventure, Docuseries, Reality",Bobby Bones travels to meet local heroes who challenge him to conquer their trades.
Chicken Squad,"Ramone Hamilton, Gabriella Graves, Maxwell Simkins, Yvette Nicole Brown",United States,"August 11, 2021",2021,TV-Y,1 Season,"Animation, Kids, Police/Cop",BAGAWK! Say hello to the Chicken Squad.
Chip 'n Dale's Rescue Rangers,"Corey Burton, Peter Cullen, Jim Cummings, Tress MacNeille","United States, Taiwan, South Korea, China, Japan, United Kingdom","November 12, 2019",1989,TV-G,1 Season,"Action-Adventure, Animation, Comedy",Chip and Dale head a small group of animal characters who monitor the human and animal communities.
Continent 7: Antarctica,Chris Browning,United States,"January 15, 2020",2016,TV-PG,1 Season,"Action-Adventure, Animals & Nature, Docuseries",Experience how science is conducted as scientists and survival experts join forces in Antarctica.
Coop & Cami Ask The World,"Ruby Turner, Dakota Lotus, Olivia Sanabia, Albert Tsai, Paxton Booth, Rebecca Metz",United States,"September 18, 2020",2018,TV-G,2 Seasons,"Comedy, Family, Kids","Cooper and Cami Wrather co-host ""Would You Wrather."""
Cosmos: A Spacetime Odyssey,"Neil Tyson, Stoney Emshwiller",United States,"July 10, 2020",2013,TV-PG,1 Season,"Action-Adventure, Docuseries, Family",A 13-part adventure across the universe of space and time.
Cosmos: Possible Worlds,Neil deGrasse Tyson,United States,"December 25, 2020",2020,TV-14,1 Season,"Action-Adventure, Docuseries, Family",COSMOS: POSSIBLE WORLDS continues Carl Sagan’s legacy that began more than 40 years ago.
Crash & Bernstein,"Cole Jensen, Tim Lagasse, Landry Bender, Oana Gregory, Aaron Landon",United States,"November 12, 2019",2012,TV-Y7,2 Seasons,"Comedy, Fantasy, Kids","The only boy in a family, Wyatt creates a puppet brother."
Critter Fixers: Country Vets,Sullivan Jones,United States,"July 28, 2021",2020,TV-14,2 Seasons,"Animals & Nature, Docuseries, Family",Dr. Hodges and Dr. Ferguson own and operate a bustling veterinary clinic.
Darkwing Duck,"Jim Cummings, Christine Cavanaugh, Terry McGovern, Frank Welker",United States,"November 12, 2019",1991,TV-Y7,2 Seasons,"Action-Adventure, Animation, Kids","Darkwing Duck tells the adventures of the superhero, aided by his sidekick Launchpad McQuack."
Diary of a Future President,"Tess Romero, Selenis Leyva, Charlie Bushnell, Michael Weaver",United States,"January 17, 2020",2020,TV-PG,2 Seasons,"Comedy, Coming of Age, Family","Elena Cañero-Reed will one day become the U.S. President, but for now, she’s in middle school."
Dino Ranch,"Tyler Nathan, Jacob Mazeral, Ava Ro, Scott Gorman, Athena Karkanis",Canada,"June 18, 2021",2021,TV-Y,1 Season,"Animation, Kids, Western","Join the Cassidy family on their ""prewestoric"" farm!"
Disney A.N.T. Farm,"China McClain, Sierra McCormick, Jake Short, Stefanie Scott, Carlon Jeffery",United States,"June 26, 2020",2011,TV-G,3 Seasons,"Comedy, Coming of Age, Music",Chyna Sparks and her friends are the newest members of the A.N.T. program.
Disney Amphibia,"Justin Felbinger, Amanda Leighton, Bill Farmer, Brenda Song","United States, South Korea","November 3, 2021",2018,TV-Y7,3 Seasons,"Animation, Comedy, Family",Anne Boonchuy is transported to the world of Amphibia.
Disney Big Hero 6 The Series,"Scott Adsit, Ryan Potter, Brooks Wheelan, Jamie Chung, Khary Payton, Genesis Rodriguez",United States,"March 19, 2021",2017,TV-G,3 Seasons,"Action-Adventure, Animation, Kids","Hiro, Baymax and team protect the city from villains."
Disney Bizaardvark,"Madison Hu, Olivia Rodrigo, Jake Paul, DeVore Ledridge, Ethan Wacker",United States,"November 12, 2019",2015,TV-PG,3 Seasons,"Buddy, Comedy, Family",Paige and Frankie produce an online comedy channel.
Disney Fam Jam,"Phil Wright, Ariel Martin, Trevor Tordjman",United States,"January 8, 2021",2020,TV-G,1 Season,"Family, Game Show / Competition, Reality",Families across America compete in epic dance battles!
Disney Fancy Nancy,"Mia Jenness, Alyson Hannigan, Rob Riggle, Spencer Moss, Dana Heath","United States, Canada","November 12, 2021",2018,TV-PG,3 Seasons,"Animation, Kids",Nancy makes every day extraordinary!
Disney Fast Layne,"Sophie Pollono, Sofia Rosinsky, Brandon Rossel, Winslow Fegley",United States,"November 12, 2019",2018,TV-G,1 Season,"Action-Adventure, Animation, Comedy",Twelve-year-old Layne Reed discovers a talking car.
Disney Gallery / Star Wars: The Mandalorian,"Jon Favreau, Dave Filoni, Pedro Pascal, Bryce Howard, Taika Waititi, Carl Weathers",United States,"December 25, 2020",2020,TV-PG,2 Seasons,"Action-Adventure, Docuseries, Family",DISNEY GALLERY / STAR WARS: THE MANDALORIAN is a docuseries about the making of The Mandalorian.
Disney Gravity Falls,"Kristen Schaal, Jason Morgan, Alex Hirsch",United States,"November 12, 2019",2011,TV-Y7,2 Seasons,"Action-Adventure, Animation, Comedy",Dipper and Mabel spend the summer with Grunkle Stan.
Disney I Didn't Do It,"Olivia Holt, Austin North, Piper Curda, Peyton Clark, Sarah Gilman",United States,"March 20, 2020",2013,TV-G,2 Seasons,"Comedy, Family",Fraternal twins try to explain exactly what just happened.
Disney Jake and the Never Land Pirates,"Madison Pettis, Colin Ford, Jonathan Heit, David Arquette, Corey Burton",United States,"November 12, 2019",2010,TV-Y,4 Seasons,"Action-Adventure, Animation, Fantasy",Jake sails for a treasure hunt against Captain Hook.
Disney JONAS,"Kevin Jonas, Joe Jonas, Nick Jonas, Chelsea Staub, Nicole Anderson, John Ducey",United States,"November 12, 2019",2008,TV-G,2 Seasons,"Comedy, Family, Kids","JONAS is the hottest rock band on the planet! Band members Nick, Kevin, and Joe are superstar idols."
Disney Junior T.O.T.S.,"Vanessa Williams, Megan Hilty, Jet Jurgensmeyer, Christian Simon",United States,"July 28, 2021",2018,TV-Y,2 Seasons,"Animation, Buddy, Kids",Pip and Freddy are new Junior Fliers at T.O.T.S.!
Disney Just Roll With It,"Ramon Reed, Kaylin Hayman, Suzi Barrett, Tobie Windham",United States,"June 18, 2021",2018,TV-Y7,2 Seasons,"Comedy, Family",This family's fate rests in the hands of the audience!
Disney K.C. Undercover,"Zendaya , Veronica Dunne, Kamil McFadden, Tammy Townsend, Kadeem Hardison",United States,"November 12, 2019",2014,TV-Y7,3 Seasons,"Action-Adventure, Comedy, Kids",K.C. joins her spy family as its newest secret agent.
Disney Lab Rats: Elite Force,"William Brent, Bradley Perry, Jake Short, Paris Berelc, Kelli Berglund",United States,"November 12, 2019",2015,TV-Y7,1 Season,"Action-Adventure, Comedy, Coming of Age",The Lab Rats join forces with the Mighty Med team.
Disney Legend of the Three Caballeros,"Tony Anselmo, Jaime Camil, Eric Bauza, Grey Griffin, Wayne Knight, Kevin Richardson",United States,"November 12, 2019",2017,TV-G,1 Season,"Action-Adventure, Animation, Comedy","Donald, Jose and Panchito inherit a magical atlas and travel the world battling mythical monsters."
Disney Mickey Mouse Clubhouse,"Wayne Allwine, Jim Cummings, Russi Taylor, Tony Anselmo, Bill Farmer, Tress MacNeille",United States,"November 12, 2019",2005,TV-Y,5 Seasons,"Animation, Kids",Mickey leads kids on an interactive adventure of learning.
Disney Milo Murphy's Law,"Al Yankovic, Sabrina Carpenter, Mekai Curtis",United States,"November 12, 2019",2016,TV-Y7,2 Seasons,"Action-Adventure, Animation, Comedy","Around Milo, anything that can go wrong, will."
Disney Prop Culture,Daniel Lanigan,United States,"May 1, 2020",2020,TV-PG,1 Season,Docuseries,"Collector Dan Lanigan reunites iconic Disney movie props with filmmakers, actors, and crew."
Disney Randy Cunningham: 9th Grade Ninja,"Ben Schwartz, Andrew Caldwell, Tim Curry, John DiMaggio, Kevin Richardson, Dave Wittenberg","United Kingdom, United States, Ireland","January 15, 2020",2011,TV-Y7,2 Seasons,"Action-Adventure, Animation, Comedy",Randy is an average freshman until he is chosen as The Ninja.
Disney Raven's Home,"Raven-Symoné , Issac Brown, Navia Robinson, Jason Maybaum, Sky Katz, Anneliese van der Pol",United States,"July 2, 2021",2016,TV-G,4 Seasons,"Comedy, Family, Fantasy",Raven and Chelsea raise their three children together.
Disney Star vs. the Forces of Evil,"Eden Sher, Adam McArthur",United States,"December 1, 2019",2014,TV-Y7,4 Seasons,"Action-Adventure, Animation, Comedy",Star battles villains throughout the multiverse.
Disney Stuck In The Middle,"Jenna Ortega, Ronni Hawk, Isaak Presley, Ariana Greenblatt, Kayla Maisonet, Nicolas Bechtel",United States,"November 12, 2019",2015,TV-PG,3 Seasons,"Comedy, Coming of Age, Family",Harley is stuck in the middle of a family with 7 kids!
Disney Sydney To The Max,"Ruth Righi, Ava Kolker, Jackson Dollinger, Christian Simon, Ian Kesler, Caroline Rhea",United States,"May 28, 2021",2018,TV-G,3 Seasons,"Comedy, Coming of Age, Family",Sydney navigates middle school with help from her Dad.
Disney The Lion Guard,"Max Charles, Diamond White, Dusan Brown, Atticus Shaffer, Joshua Rush",United States,"December 3, 2019",2015,TV-Y,3 Seasons,"Action-Adventure, Animation, Comedy",The Lion Guard has assembled and now they will DEFEND!
Disney The Owl House,"Sarah-Nicole Robles, Wendie Malick, Alex Hirsch, Tati Gabrielle, Issac Brown, Mae Whitman","United States, United Kingdom","July 21, 2021",2020,TV-Y7,2 Seasons,"Action-Adventure, Animation, Anime",Luz stumbles upon a portal to a magical new world.
Disney Vampirina,"Isabella Crovetti, Lauren Graham, James Van Der Beek, Jordan Davis, Wanda Sykes, Mitchell Whitfield","Ireland, United States","September 29, 2021",2017,TV-Y7,3 Seasons,"Animation, Fantasy, Kids",Vampirina is the new girl in town!
Disney's Adventures Of The Gummi Bears,"Bill Scott, Christian Jacobs, Brett Johnson, David Faustino, Paul Winchell, Jason Marsden",United States,"November 12, 2019",1985,TV-Y7,6 Seasons,"Action-Adventure, Animation, Fantasy",The magical Gummi Bears discover their rich history.
Disney's Doug,"Connie Shulman, Doug Preis, Alice Playten, Chris Phillips, Fred Newman, Thomas McHugh",United States,"November 12, 2019",1996,TV-Y7,3 Seasons,"Animation, Comedy, Coming of Age","Doug uses his imagination to navigate through tests of friendship, love, school, and growing up."
Disney's Hercules: The Animated Series,"Tate Donovan, Sandra Bernhard, Robert Costanzo, Matt Frewer, Bobcat Goldthwait, French Stewart",United States,"November 12, 2019",1998,TV-Y7,1 Season,"Action-Adventure, Animation, Comedy",Follow Herc's many labors during the years he spent training on how to be a hero.
Disney's Kim Possible,"Christy Romano, Will Friedle, Nancy Cartwright, Tahj Mowry","United States, Philippines, South Korea","November 12, 2019",2001,TV-G,4 Seasons,"Action-Adventure, Animation, Comedy","Kim Possible is a high school girl who, in her spare time, saves the world from evil villains."
Disney's Little Einsteins,"Erica Huang, Aiden Pompey, Jesse Schwartz, Natalia Wojcik",United States,"November 12, 2019",2005,TV-Y,2 Seasons,"Action-Adventure, Animation, Kids",This innovative new series provides preschoolers with new ways to hear and see music and art.
Disney's Magic Bake-Off,"Issac Ryan Brown, Dara Reneé, Graciela Gomez",United States,"September 29, 2021",2021,TV-G,1 Season,"Family, Game Show / Competition",Kid bakers compete to be named Disney Baking Champion.
Disney's Mighty Ducks,"James Belushi, Brad Garrett, Jeff Bennett, Jennifer Hale, Clancy Brown, Tony Jay",United States,"November 12, 2019",1996,TV-Y7,1 Season,"Action-Adventure, Animation, Comedy",Hockey-loving alien ducks are stranded on Earth and must protect it from the evil Dragaunus.
Disney's Recess,"Rickey Collins, Jason Davis, Ashley Johnson, Ross Malinger, Courtland Mead, Pamela Segall",United States,"November 12, 2019",1997,TV-Y7,3 Seasons,"Animation, Comedy, Kids",A portrayal of life at Third Street Elementary School.
Disney's The Emperor's New School,"Shane Baumel, Jessica DiCicco, Wendie Malick, Fred Tatasciore, Jeff Bennett, Jessie Flower",United States,"November 12, 2019",2005,TV-G,2 Seasons,"Animation, Comedy, Coming of Age","Disney's The Emperor's New School is a unique comedy about Kuzco, a self-centered and spoiled teen."
Disney's The Little Mermaid (Series),"Jodi Benson, Samuel Wright, Ken Mars, Edan Gross",United States,"November 12, 2019",1992,TV-Y7,3 Seasons,"Action-Adventure, Animation, Fantasy","Follow Ariel's adventures as a mermaid living under the sea with her father, King Triton."
Doc McStuffins,"Kiara Muhammad, Jaden Betts, Jess Harnell, Kimberly Brooks, Lara Miller, Loretta Devine","United States, Ireland","May 22, 2020",2011,TV-Y7,5 Seasons,"Animation, Kids, Medical",Doc McStuffins has a clinic for toys in her playhouse.
Dog Whisperer with Cesar Millan,Cesar Millan,United States,"November 12, 2019",2004,TV-G,6 Seasons,"Animals & Nature, Docuseries, Family",World-renowned dog expert Cesar Millan helps dogs and their owners overcome behavior issues.
Dog With a Blog,"G Hannelius, Blake Michael, Francesca Capaldi, Stephen Full, Regan Burns, Beth Littleford",United States,"February 26, 2021",2012,TV-G,3 Seasons,"Comedy, Fantasy",Tyler and Avery hide the fact that their new dog can talk.
Dog: Impossible,Matt Beisner,United States,"September 22, 2021",2019,TV-PG,2 Seasons,"Animals & Nature, Docuseries, Family",Matt Beisner uses unique approaches to modifying canine behavior and focuses on each animal’s needs.
"Doogie Kamealoha, M.D.","Peyton Elizabeth Lee, Emma Meisel, Matthew Sato, Wes Tian, Jeffrey Bowyer-Chapman, Mapuana Makia",United States,"September 8, 2021",2021,TV-PG,1 Season,"Comedy, Coming of Age, Family",A 16-year-old prodigy juggles her budding medical career with the daily challenges of teenage life.
"Dr. Oakley, Yukon Vet","Dr. Michelle Oakley, Zachary Fine",United States,"November 17, 2021",2013,TV-PG,10 Seasons,"Action-Adventure, Animals & Nature, Docuseries","Meet Dr. Michelle Oakley, vet to pretty much everything that moves in the rugged Yukon."
"Dr. T, Lone Star Vet",Dr. Lauren Thielen,United States,"November 12, 2019",2019,TV-PG,1 Season,"Docuseries, Family, Medical","Dr. T, Lone Star Vet follows Dr. T as she faces the most compelling cases of her career."
Drain the Oceans,Russell Boulter,"United Kingdom, Australia","October 6, 2021",2017,TV-PG,4 Seasons,"Docuseries, Historical",Pull the plug on the ocean to reveal hidden secrets using groundbreaking technology.
DuckTales,"David Tennant, Danny Pudi, Ben Schwartz, Bobby Moynihan, Kate Micucci, Tony Anselmo",United States,"April 30, 2021",2017,TV-Y7,3 Seasons,"Action-Adventure, Animation, Comedy",Join Scrooge and family on globe-trotting adventures!
Dug Days,"Bob Peterson, Ed Asner, Jordan Nagai",United States,"September 1, 2021",2021,TV-PG,1 Season,"Animation, Comedy, Family","“Dug Days” is a collection of shorts that follows the adventures of Dug, the dog from Pixar’s “Up.”"
Elena of Avalor,"Aimee Carrero, Jenna Ortega, Keith Ferguson, Jillian Reed, Carlos Alazraqui, Mikey Kelley",United States,"January 15, 2021",2015,TV-Y7,3 Seasons,"Action-Adventure, Animation, Fantasy",Elena of Avalor must learn to rule!
Encore!,"Kristen Bell, Roger Love, Susan Egan, Ali Stroker, Stephen Schwartz",United States,"November 12, 2019",2019,TV-14,1 Season,"Music, Reality",Kristen Bell reunites former high school classmates to re-stage musicals they performed in the past.
Europe from Above,Julian Barratt,United Kingdom,"September 18, 2020",2019,TV-G,1 Season,"Docuseries, Reality",Europe from Above takes to the air over Europe’s finest cultural and geographical landmarks.
Even Stevens,"Shia LaBeouf, Christy Romano, Nick Spano, Tom Virtue, Donna Pescow",United States,"November 12, 2019",2000,TV-PG,3 Seasons,"Comedy, Coming of Age, Kids","Louis, a seventh-grade misfit, struggles to fit in at school and in his seemingly perfect family."
Fairy Tale Weddings,"Stephen Boss, Allison Holker",United States,"February 14, 2020",2017,TV-PG,2 Seasons,"Docuseries, Family, Lifestyle",A behind-the-scenes look at Disney's magical weddings.
Fantastic Four (Series),"Beau Weaver, Lori Alan, Chuck McCann, Brian Green, Stan Lee, Pauline Lomas",United States,"November 12, 2019",1994,TV-Y7,1 Season,"Action-Adventure, Animation, Kids","Reed Richards, Sue and Johnny Storm and pilot Ben Grimm are transformed into the Fantastic Four."
Fantastic Four: World's Greatest Heroes,"Christopher Jacot, Hiro Kanagawa, Lara Gilchrist, Brian Dobson",United States,"November 12, 2019",2007,TV-Y7,1 Season,"Action-Adventure, Animation, Kids","Watch Mr. Fantastic, Invisible Woman, Human Torch, and Thing as they battle their greatest foes."
Fish Hooks,"Chelsea Kane, Kyle Massey, Justin Roiland",United States,"April 3, 2020",2010,TV-G,3 Seasons,"Animation, Comedy, Coming of Age","Milo, Bea and Oscar are three BFFs, best fish friends."
Future-Worm!,"Andy Milonakis, James Adomian, Corey Burton, Melanie Lynskey, Ryan Quincy, Neil deGrasse Tyson",United States,"April 9, 2021",2016,TV-Y7,1 Season,"Family, Kids","One boy, one worm... these are their adventures!"
Gabby Duran And The Unsittables,"Kylie Cantrall, Maxwell Donovan, Callan Farris, Coco Christo, Valery Ortiz, Nathan Lovejoy",United States,"August 11, 2021",2018,TV-G,2 Seasons,"Comedy, Family, Science Fiction","Meet Gabby Duran, your average alien-babysitting girl."
Gargoyles,"Thom Hernandez, Edward Asner, Jeff Bennett, Keith David, Bill Fagerbakke, Jonathan Frakes",United States,"November 12, 2019",1994,TV-Y7,3 Seasons,"Action-Adventure, Animation, Fantasy","In Scotland, 994 A.D. Goliath and his clan of gargoyles defend a medieval castle."
Gathering Storm,Tucker McDougall,United States,"October 23, 2020",2020,TV-PG,1 Season,"Animals & Nature, Docuseries","Witness first hand stories combined with scientific insight, analysis and satellite mapping."
Gigantosaurus,"Dylan Schombing, Áine Sunderland, Nahanni Mitchell, Nicholas Holmes",France,"August 25, 2021",2018,TV-Y,2 Seasons,"Action-Adventure, Animation, Kids",Four dinos explore the mystery of the Gigantosaurus!
Girl Meets World,"Rowan Blanchard, Ben Savage, Sabrina Carpenter, Peyton Meyer, August Maturo, Danielle Fishel",United States,"November 12, 2019",2013,TV-G,3 Seasons,"Comedy, Coming of Age, Family",Riley and Maya traverse the twists of teenage years.
Goldie & Bear,"Georgie Kidder, Justine Huxley, Natalie Lander, Jim Cummings, David Kaufman, David Lodge",United States,"November 6, 2020",2015,TV-Y,2 Seasons,"Action-Adventure, Animation, Buddy",Goldie and Bear go on adventures in Fairytale Forest.
Good Luck Charlie,"Bridgit Mendler, Leigh-Allyn Baker, Bradley Perry, Mia Talerico, Eric Kramer, Jason Dolley",United States,"November 12, 2019",2009,TV-G,4 Seasons,"Comedy, Coming of Age, Family",The Duncans are a typical family whose lives are turned topsy-turvy with the arrival of Charlie
Goof Troop,"Nancy Cartwright, Jim Cummings, Dana Hill, Rob Paulson, Corey Burton, Bill Farmer",United States,"November 12, 2019",1992,TV-Y7,1 Season,"Animation, Comedy, Kids","Goofy is a single father raising his son, Max in Spoonerville."
Gordon Ramsay: Uncharted,Gordon Ramsay,United States,"June 4, 2021",2018,TV-14,3 Seasons,"Action-Adventure, Docuseries, Lifestyle",Gordon Ramsay travels the globe on an epic adventure in search of culinary inspiration.
Great Migrations,Alec Baldwin,United States,"November 12, 2019",2010,TV-PG,1 Season,"Animals & Nature, Docuseries, Survival",An intimate and unprecedented view of animal migrations across the globe.
Handy Manny,"Wilmer Valderrama, Carlos Alazraqui, Dee Baker, Nika Futterman, Tom Kenny, Kath Soucie","United States, Canada","November 12, 2019",2006,TV-Y,3 Seasons,"Animation, Kids","Handy Manny and his box of friendly, silly tools are the go-to guys in their neighborhood."
Hannah Montana,"Miley Cyrus, Emily Osment, Mitchel Musso, Jason Earles, Billy Cyrus",United States,"November 12, 2019",2005,TV-G,4 Seasons,"Comedy, Coming of Age, Kids",Hannah Montana is a live-action comedy series that follows typical tween Miley Stewart.
"Heartland Docs, DVM","Dr. Erin Schroeder, Dr. Ben Schroeder",United States,"June 18, 2021",2019,TV-14,3 Seasons,"Animals & Nature, Docuseries, Family",Heartland vets Ben and Erin Schroeder live and work among farmers in the Midwest.
Henry Hugglemonster,"Lara Miller, Tom Kenny, Chiara Zanni, Lori Alan, Hynden Walch, Kari Wahlgren","Ireland, United Kingdom, United States, South Korea, Canada","December 1, 2019",2012,TV-Y,2 Seasons,"Animation, Fantasy, Kids",Hugglemonsters always find a way!
Higglytown Heroes,"Frankie Ryan Manriquez, Taylor Masamitsu, Liliana Mumy, Rory Thost, Edie McClurg","United States, South Korea","April 2, 2021",2004,TV-Y,2 Seasons,"Animation, Kids, Musical","You're invited to meet the heroes all around you, since everyone's a hero in their own way!"
High School Musical: The Musical: The Series,"Olivia Rodrigo, Joshua Bassett, Matt Cornett, Sofia Wylie, Larry Saperstein",United States,"November 12, 2019",2019,TV-PG,2 Seasons,"Comedy, Coming of Age, Drama","For the first time ever, East High Wildcats put on a production of High School Musical: The Musical!"
Hostile Planet,Bear Grylls,United States,"November 12, 2019",2019,TV-PG,1 Season,"Animals & Nature, Docuseries, Survival",Hostile Planet reveals the animal kingdom’s epic stories of survival in extreme environments.
Howie Mandel's Animals Doing Things,Howie Mandel,United States,"June 5, 2020",2017,TV-PG,2 Seasons,"Animals & Nature, Comedy, Family",This show combines Howie Mandel’s lovable comedic genius with clips of animals doing crazy things.
Hulk and the Agents of S.M.A.S.H.,"Fred Tatasciore, Clancy Brown, Seth Green, Eliza Dushku, Ben Diskin",United States,"November 12, 2019",2012,TV-Y7,2 Seasons,"Action-Adventure, Animation, Comedy",Hulk and friends battle against evil.
Ice Road Rescue,"David Wartnaby, Bjørn Lægreid, Thord Paulsen",United Kingdom,"May 21, 2021",2015,TV-14,5 Seasons,"Docuseries, Reality, Survival",Ice Road Rescue follows Norwegian towing teams who rescue trucks and trailers on icy mountain roads.
IMPACT with Gal Gadot,Gal Gadot,United States,"October 6, 2021",2021,TV-14,1 Season,Docuseries,National Geographic Presents IMPACT with Gal Gadot honors impactful women.
Into the Unknown: Making Frozen 2,"Kristen Bell, Idina Menzel, Josh Gad, Jonathan Groff, Jennifer Lee, Chris Buck",United States,"June 26, 2020",2020,TV-PG,1 Season,"Docuseries, Family","For the first time, go behind-the-scenes into the making of the #1 animated film, Frozen 2."
Iron Man (Series),"Robert Hays, James Avery, Ed Gilbert, Jim Cummings, Tony Steedman, James Warwick",United States,"November 12, 2019",1994,TV-Y7,1 Season,"Action-Adventure, Animation, Kids",Industrialist Tony Stark leads a private team of superheroes as Iron Man against the forces of evil.
Iron Man Armored Adventures,"Adrian Petriw, Daniel Bacon, Anna Cummer, Mackenzie Gray, Vincent Tong","Canada, United States, United Kingdom, France, Luxembourg","November 12, 2019",2008,TV-G,2 Seasons,"Action-Adventure, Animation, Coming of Age","After a tragic accident robs Tony of his father, he uses his new invincible armor to protect others."
It's a Dog's Life with Bill Farmer,Bill Farmer,United States,"May 15, 2020",2020,TV-PG,1 Season,"Animals & Nature, Docuseries, Family","As the voice of Goofy and Pluto, Bill Farmer crosses the country meeting dogs doing incredible work!"
Japan: Between Earth and Sky,Bray Poor,"France, Japan","June 5, 2020",2017,TV-PG,1 Season,"Animals & Nature, Docuseries",Japan: Between Earth and Sky reveals the mystery of some the most beautiful sites in the country.
Jessie,"Debby Ryan, Peyton List, Cameron Boyce, Karan Brar, Skai Jackson, Kevin Chamberlin",United States,"November 12, 2019",2011,TV-PG,4 Seasons,"Comedy, Coming of Age, Family","A small-town girl becomes a nanny for a quirky, rich family."
Jungle Animal Rescue,Dan Nachtrab,United States,"August 14, 2020",2019,TV-PG,1 Season,"Animals & Nature, Docuseries, Family",A team of conservationists and veterinarians helps India’s people and wildlife coexist.
Kick Buttowski: Suburban Daredevil,"Charlie Schlatter, Matt Jones, Danny Cooksey",United States,"April 9, 2021",2010,TV-Y7,2 Seasons,"Action-Adventure, Animation",Kick Buttowski is an extraordinary kid determined to become the worlds greatest daredevil.
Kickin' It,"Leo Howard, Dylan Snyder, Mateo Arias, Olivia Holt, Alex Jones, Jason Earles",United States,"November 12, 2019",2010,TV-PG,4 Seasons,"Action-Adventure, Comedy, Coming of Age",The series will follow the crew of lovable misfits.
King Fishers,Stephen Mangan,United Kingdom,"July 31, 2020",2013,TV-PG,1 Season,"Action-Adventure, Animals & Nature, Docuseries","With so many fishermen and so many fishing disciplines, who is best?"
Kingdom of the Mummies,Kerry Shale,United States,"September 18, 2020",2020,TV-14,1 Season,"Docuseries, Historical, Reality",A team of archaeologists uncover the first Egyptian funeral parlor ever found.
Kingdom of the White Wolf,Jenny Jules,United States,"November 12, 2019",2019,TV-PG,1 Season,"Action-Adventure, Animals & Nature, Docuseries","In the remote, majestic landcape of the high Arctic, a photographer seeks the legendary white wolf."
Lab Rats,"Billy Unger, Spencer Boldman, Kelli Berglund, Tyrel Williams, Hal Sparks",United States,"November 12, 2019",2011,TV-Y7,4 Seasons,"Action-Adventure, Comedy, Coming of Age",Leo discovers a secret underground lab with three experiments.
LEGO Star Wars: All Stars,"Jasmin Brown, Josh Peck, Zeno Robinson, Max Mittelman, Matthew Wood",United States,"November 12, 2019",2018,TV-Y7,1 Season,"Action-Adventure, Animation, Comedy","Han, Chewie, Leia and more team up for new adventures!"
LEGO Star Wars: Droid Tales,"Tom Kane, Anthony Daniels, Trevor Devall, Kirby Morrow, Sam Vincent, Michael Donovan",United States,"November 12, 2019",2014,TV-Y7,1 Season,"Action-Adventure, Animation, Comedy",C-3PO recounts the great adventures of the Rebels.
LEGO Star Wars: The Freemaker Adventures,"Matt Sloan, Trevor Devall, Greg Baldwin, Michael Daingerfield, Vanessa Lengies, Grey Griffin",United States,"November 12, 2019",2015,TV-Y7,2 Seasons,"Action-Adventure, Animation, Comedy",12-year old Rowan Freemaker discovers the Kyber Saber.
Life Below Zero,"Chip Hailstone, Agnes Hailstone, Sue Aikens, Andy Bassich",United States,"September 15, 2021",2012,TV-14,16 Seasons,"Action-Adventure, Animals & Nature, Docuseries","Experience life deep in Alaska where the primal way lives on – brave the wild, fight the freeze."
Life Below Zero: Next Generation,Mocean Melvin,United States,"August 25, 2021",2020,TV-14,2 Seasons,"Action-Adventure, Animals & Nature, Docuseries",The next generation of Alaskans struggle to survive without modern-day comforts.
Liv and Maddie,"Dove Cameron, Joey Bragg, Tenzing Norgay Trainor, Kali Rocha, Benjamin King",United States,"April 23, 2021",2013,TV-G,4 Seasons,"Comedy, Coming of Age, Kids",The series follows 15-year-old twins Liv and Maddie.
Lizzie McGuire,"Hilary Duff, Lalaine , Adam Lamberg, Jake Thomas, Hallie Todd, Robert Carradine",United States,"November 12, 2019",2000,TV-G,2 Seasons,"Comedy, Coming of Age, Kids","Lizzie McGuire has great friends, a great family and even great foes. Get inside her head."
Lost Cities With Albert Lin,Dr. Albert Len,United States,"February 21, 2020",2019,TV-PG,1 Season,"Action-Adventure, Docuseries, Historical",This series delivers stories with hi-tech imagery to bring the mysteries of the past to life.
Lost Treasures Of Egypt,Rick Robles,United Kingdom,"May 1, 2020",2018,TV-PG,1 Season,"Docuseries, Historical","An immersive, discovery-led series following teams of archaeologists in Egypt."
Lost Treasures of the Maya,Albert Lin,"United States, Guatemala","November 12, 2019",2018,TV-PG,1 Season,"Docuseries, Historical",A high-tech treasure map rewrites the history of the ancient Maya in the Guatemalan jungle.
Love & Vets,Mallory Kasdan,United States,"May 1, 2020",2017,TV-PG,1 Season,"Animals & Nature, Docuseries, Family",We watch as doctors Will and Fran divide and conquer to treat the steady flow of claw-clad patients.
Made in a Day,Craig Whitney,United States,"April 2, 2021",2020,TV-PG,1 Season,Reality,This is the story of how today’s biggest brands are made today.
Magic of Disney's Animal Kingdom,Josh Gad,United Kingdom,"September 25, 2020",2020,TV-PG,1 Season,"Animals & Nature, Docuseries, Family",Magic of Disney’s Animal Kingdom goes backstage at Walt Disney World Resort. Narrated by Josh Gad.
Marvel Battleworld: Mystery of the Thanostones,"Giles Panton, Rebecca Shoichet, Jesse Inocalla, Brad Swaile, Deven Mack, Ian Hanlin",United States,"February 12, 2021",2020,TV-Y7-FV,1 Season,"Action-Adventure, Animation, Fantasy",Iron Man and Captain Marvel team up to stop Thanos!
Marvel Comics X-Men,"Cedric Smith, Catherine Disher, Alyson Court, Chris Potter, George Buza, Iona Morris","United States, Canada","November 12, 2019",1992,TV-Y7,5 Seasons,"Action-Adventure, Animation, Fantasy",In the Marvel Comics universe mutants are persecuted by a hateful and fearful populous.
Marvel Ultimate Spider-Man,"Drake Bell, Chi McBride, Steven Weber, J.K. Simmons, Tom Kenny, Clark Gregg",United States,"November 12, 2019",2011,TV-Y7,4 Seasons,"Action-Adventure, Animation, Fantasy",Spider-Man trains alongside four fellow teenage superheroes.
Marvel's Agent Carter,"Hayley Atwell, James D'Arcy, Chad Murray, Enver Gjokaj, Shea Whigham",United States,"November 12, 2019",2014,TV-14,2 Seasons,"Action-Adventure, Science Fiction, Spy/Espionage","Working for SSR, Peggy would rather be in the field."
Marvel's Avengers Assemble,"Adrian Pasdar, Fred Tatasciore, Roger Smith, Travis Willingham, Troy Baker, Bumper Robinson",United States,"November 12, 2019",2012,TV-Y7,5 Seasons,"Action-Adventure, Animation, Kids",Marvel’s mightiest heroes combine their power.
Marvel's Guardians of the Galaxy (Series),"Will Friedle, Trevor Devall, Kevin Richardson, Vanessa Marshall, David Sobolov",United States,"November 12, 2019",2015,TV-Y7,3 Seasons,"Action-Adventure, Animation, Kids",The Guardians find a map leading to a powerful weapon.
Marvel's Inhumans,"Anson Mount, Serinda Swan, Ken Leung, Eme Ikwuakor, Isabelle Cornish, Ellen Woglom",United States,"November 12, 2019",2017,TV-14,1 Season,"Action-Adventure, Science Fiction, Superhero",The never-before-told adventure of the Royal Family.
Marvel's Runaways,"Rhenzy Feliz, Lyrica Okano, Virginia Gardner, Ariela Barer, Gregg Sulkin, Allegra Acosta",United States,"January 10, 2020",2017,TV-14,3 Seasons,"Coming of Age, Drama, Science Fiction",Six kids learn their parents hide a terrible secret.
Meet The Chimps,Jane Lynch,United States,"October 16, 2020",2020,TV-PG,1 Season,"Animals & Nature, Docuseries, Family","Meet the Chimps takes viewers inside the secret life of Chimp Haven, a unique wildlife sanctuary."
Mickey Mouse Funhouse,"Bret Iwan, Kaitlyn Robrock, Bill Farmer, Tony Anselmo, Tress MacNeille, Harvey Guillén",United States,"July 28, 2021",2021,TV-Y,1 Season,"Animation, Kids",Mickey Mouse Funhouse is filled with silly adventure!
Mickey Mouse Mixed-Up Adventures,"Bret Iwan, Russi Taylor, Bill Farmer, Daniel Ross, Tress MacNeile",United States,"July 7, 2021",2019,TV-Y,1 Season,"Animation, Kids, Sports",Hot Dog! Get mixed-up with Mickey and all of his pals!
Mighty Med,"Bradley Perry, Jake Short, Paris Berelc, Devan Leos",United States,"June 12, 2020",2013,TV-Y7,2 Seasons,"Comedy, Coming of Age, Medical","Check in to Mighty Med, the secret superhero hospital."
Miles From Tomorrowland,"Olivia Munn, Cullen McCarthy, Fiona Bishop, Dee Baker, Tom Kenny",United States,"December 1, 2019",2014,TV-Y,2 Seasons,"Action-Adventure, Animation, Kids",Blastastic! Join Miles and his family in outer space!
"Mira, Royal Detective","Leela Ladnier, Utkarsh Ambudkar, Roshni Edwards, Kal Penn, Kamran Lucas",United States,"September 8, 2021",2020,TV-Y,2 Seasons,"Animation, Fantasy, Kids",Mira is the new royal detective in the land of Jalpur!
Miraculous: Tales Of Ladybug & Cat Noir,"Cristina Vee, Bryce Papenbrook, Keith Silverstein, Mela Lee, Max Mittelman, Carrie Keranen","France, South Korea, Japan, United States","September 15, 2021",2015,TV-Y7,1 Season,"Action-Adventure, Animation, Fantasy",Superheroes Ladybug and Cat Noir protect the city.
Monsters at Work,"Billy Crystal, John Goodman, Ben Feldman, Mindy Kaling, Henry Winkler, Lucas Neff",United States,"July 7, 2021",2021,TV-G,1 Season,"Animation, Comedy, Family","""Monsters at Work"" tells the story of Tylor Tuskmon and his dream to become a Jokester."
MUPPET BABIES,"Matt Danner, Melanie Harrison, Ben Diskin, Eric Bauza, Dee Baker, Jessica DiCicco","South Korea, United States, China, Japan","June 4, 2021",2017,TV-Y,3 Seasons,"Animation, Kids",The Muppet Babies are here to make dreams come true!
Muppets Now,"Dave Goelz, Matt Vogel, David Rudman, Peter Linz, Bill Barretta, Eric Jacobson",United States,"July 31, 2020",2020,TV-PG,1 Season,"Comedy, Family, Lifestyle",The Muppets have a brand-new series ready to stream… but only if they can upload it in time.
My Friends Tigger & Pooh,Jim Cummings,United States,"November 12, 2019",2006,TV-Y,2 Seasons,"Animation, Kids","Pooh, Tigger, and friends from the Hundred Acre Wood welcome new neighbors"
Nature Boom Time,"Charlie Engelman, Kirby Engelman, Patrick Rahill",United States,"August 14, 2020",2016,TV-G,1 Season,"Animals & Nature, Docuseries, Kids","Charlie, Kirby, and Patrick travel around the U.S. to learn about what makes nature awesome."
Once Upon a Time,"Ginnifer Goodwin, Jennifer Morrison, Robert Carlyle, Lana Parrilla, Jared Gilmore, Josh Dallas",United States,"September 18, 2020",2011,TV-PG,7 Seasons,"Action-Adventure, Fantasy, Soap Opera / Melodrama",Fairy tale characters inhabit a land of good and evil.
Once Upon a Time in Wonderland,"Sophie Lowe, Michael Socha, Peter Gadiot, Emma Rigby, Naveen Andrews, John Lithgow","Canada, United States","November 27, 2020",2013,TV-PG,1 Season,"Action-Adventure, Fantasy, Soap Opera / Melodrama",Alice tells a tale of a strange new land.
One Strange Rock,Will Smith,United States,"January 1, 2020",2017,TV-PG,1 Season,"Animals & Nature, Docuseries, Family","Hosted by Will Smith, One Strange Rock reveals the twists of fate that allow life to thrive on Earth"
Origins: The Journey of Humankind,"Mark Monroe, Jason Silva",United States,"November 12, 2019",2016,TV-14,1 Season,"Docuseries, Historical","Hosted by Jason Silva, this eight-part series illuminates key developments in human culture."
Out of the Box,"Vivian Bayubay, Tony James, Jill Schackner, Aleisha Allen, Cece Cortes, Nicholas Eng",United States,"November 12, 2019",1998,TV-G,3 Seasons,Kids,A group of children come and play in a clubhouse made entirely out of painted cardboard boxes.
Pair of Kings,"Mitchel Musso, Doc Shaw, Kelsey Chow, Ryan Ochoa, Geno Segers",United States,"February 26, 2021",2010,TV-Y7,3 Seasons,"Action-Adventure, Comedy, Coming of Age","Fraternal teenage twins, Brady and Boomer, are suddenly informed of their royal lineage."
Pepper Ann,"Kathleen Wilhoite, Clea Lewis, Danny Cooksey, Pamela Segall, April Winchell, Don Adams",United States,"September 8, 2021",1997,TV-Y,3 Seasons,"Animation, Comedy, Coming of Age",Pepper Ann Pearson is a teenage girl on an eternal quest for coolness.
Phil of the Future,"Ricky Ullman, Amy Bruckner, Craig Anton, Lise Simms, Alyson Michalka",United States,"November 12, 2019",2003,TV-G,2 Seasons,"Comedy, Coming of Age, Kids",Phil is just your average teenager – whose family crash-landed here from the year 2121.
Phineas and Ferb,"Vincent Martella, Ashley Tisdale, Thomas Sangster, Caroline Rhea, Alyson Stoner, Mitchel Musso","United States, South Korea, China, Taiwan","November 12, 2019",2007,TV-G,4 Seasons,"Action-Adventure, Animation, Comedy",Phineas and Ferb have big summertime adventures with friends.
Photo Ark,Joel Sartore,United States,"November 3, 2021",2017,TV-PG,1 Season,"Animals & Nature, Docuseries, Family",National Geographic photographer Joel Sartore photographs some of the rarest animals in the world.
Pickle and Peanut,"Johnny Pemberton, Jon Heder, Dana Snyder, Joel Trussell",United States,"March 26, 2021",2015,TV-Y7,2 Seasons,Comedy,The freewheeling adventures of Pickle and Peanut.
Pixar Popcorn,"Ellen DeGeneres, Craig T. Nelson, Holly Hunter, Keegan-Michael Key, Jordan Peele",United States,"January 22, 2021",2021,TV-PG,1 Season,"Animation, Anthology, Family",Grab a quick snack of Pixar with this collection of mini shorts starring your favorite characters.
PJ Masks,"Kyle Breitkopf, Jacob Ursomarzo, Addison Holley","France, United Kingdom","October 20, 2021",2015,TV-Y7,5 Seasons,"Action-Adventure, Animation, Kids",Look out Night Time Baddies the PJ Masks are coming!
Port Protection Alaska,"Gary Muehlberger, Mary Miller, Curly Leach, Sam Carlson, Stuart Andrews, David Squibb",United States,"November 24, 2021",2015,TV-14,2 Seasons,"Docuseries, Reality, Survival",Residents of Port Protection must combat volatile conditions to survive and thrive in Alaska.
Prairie Dog Manor,Kevin Conway,United States,"May 1, 2020",2019,TV-PG,1 Season,"Animals & Nature, Docuseries, Reality",Each episode takes the audience on a first-person journey following a few of the prairie dogs.
Primal Survivor,Hazen Audel,United States,"April 16, 2021",2014,TV-PG,5 Seasons,"Docuseries, Reality, Survival",Hazen Audel relives his most thrilling moments and reveals what it takes to become Primal Survivor.
Puppy Dog Pals,"Harland Williams, Isaac Brown, Jessica DiCicco, Sam Lavagnino, Leslie Baker, Tara Strong","United States, India","June 11, 2021",2016,TV-G,4 Seasons,"Animation, Kids",Two puppies are on a mission for fun and adventure!
Quack Pack,"Tony Anselmo, James Avery, Brian Cummings, E.G. Daily, Jeannie Elias, Pamela Segall",United States,"November 12, 2019",1996,TV-Y,1 Season,"Action-Adventure, Animation, Comedy","This cartoon follows on from the 1980's cartoon ""DuckTales""."
Race to the Center of the Earth,Chris Payne Gilbert,United States,"May 14, 2021",2021,TV-14,1 Season,"Action-Adventure, Family, Game Show / Competition",Race to the Center of the Earth. Four epic courses. One finish line.
Rocky Mountain Animal Rescue,Chopper Bernet,United States,"November 12, 2019",2018,TV-PG,1 Season,"Animals & Nature, Docuseries, Family",Officers and vets in the Pike's Peak area of Colorado handle thousands of animal emergencies a year.
Rolie Polie Olie,"Cole Caplan, Kristen Bone, Robert Smith, Catherine Disher, Adrian Truss, Len Carlson","Canada, United States, France","September 29, 2021",1998,TV-Y,5 Seasons,"Animation, Science Fiction",Rolie Polie Olie’s life and adventures center on his Robo-family.
Running Wild with Bear Grylls,Bear Grylls,United States,"June 25, 2021",2019,TV-PG,2 Seasons,"Action-Adventure, Reality, Survival",Survivalist Bear Grylls takes celebrities on wild adventures they won’t forget.
Sam's Zookeeper Challenge,Sam Peltz,United States,"August 14, 2020",2018,TV-G,1 Season,"Animals & Nature, Docuseries, Family",Sam is put to the test to care for animals in “Zookeeper’s Challenge.”
Schoolhouse Rock!,"Bob Dorough, Jack Sheldon, Lynn Ahrens, Grady Tate, Blossom Dearie, Essra Mohawk",United States,"May 17, 2021",1973,TV-G,6 Seasons,"Animals & Nature, Animation, Kids","Musical shorts teach kids history, grammar, and math."
Scuba Sam's World,Sam Peltz,United States,"August 14, 2020",2018,TV-G,1 Season,"Animals & Nature, Docuseries, Kids",Take a deep dive and learn all about the beloved sea animals in our oceans!
Secrets of Sulphur Springs,"Preston Oliver, Kyliegh Curran, Elle Graham, Madeleine McGraw, Landon Gordon, Kelly Frye",United States,"February 26, 2021",2021,TV-PG,1 Season,"Family, Fantasy, Mystery",Griffin and his family move to a mysterious town.
Secrets of the Zoo: Tampa,"Dr. Ray Ball, Dr. Lauren Smith, Chris Massaro, Tiffany Burns, Mike Burns, Melinda Mendolusky",United States,"November 24, 2021",2019,TV-PG,2 Seasons,"Animals & Nature, Docuseries, Family",A day in the life at ZooTampa is anything but ordinary. It's extraordinary!
Secrets of Wild India,David Attenborough,United Kingdom,"June 5, 2020",2012,TV-PG,1 Season,"Animals & Nature, Docuseries, Family",'Secrets of Wild India' celebrates the diversity and drama of India's extraordinary landscapes.
Shake It Up,"Bella Thorne, Zendaya , Davis Cleveland, Roshon Fegan, Adam Irigoyen, Kenton Duty",United States,"November 12, 2019",2010,TV-G,3 Seasons,"Buddy, Comedy, Coming of Age",Best friends attend high school and dance professionally.
Sheriff Callie's Wild West,"Mandy Moore, Lucas Grabeel","United States, South Korea, France","December 1, 2019",2011,TV-Y,2 Seasons,"Animation, Kids, Western",Come and see how the West was fun with Sheriff Callie!
Silver Surfer,"Paul Essiembre, James Blendick, Robert Bockstael, Jennifer Daley, Colin Fox","United States, Canada","November 12, 2019",1997,TV-Y7,1 Season,"Action-Adventure, Animation, Kids",The adventures of the cosmic wanderer as he seeks his lost home after rebelling from his master.
Smart Guy,"Tahj Mowry, John Jones, Jason Weaver, Essence Atkins",United States,"October 1, 2019",1996,TV-G,3 Seasons,"Comedy, Coming of Age, Kids",A genius tries to fit in as a high school sophomore.
So Random!,"Tiffany Thornton, Sterling Knight, Brandon Mychal Smith, Doug Brochu, Allisyn Ashley Arm",United States,"July 14, 2021",2011,TV-G,1 Season,"Comedy, Coming of Age",A musical sketch comedy show.
So Weird,"Cara DeLizia, Patrick Levis, Erik von Detten, Belinda Metz, Dave Ward, Mackenzie Phillips",Canada,"November 12, 2019",1999,TV-Y7,3 Seasons,"Fantasy, Kids, Mystery",A teenage girl travels the country on a rock tour while investigating the supernatural.
Sonny With A Chance,"Demi Lovato, Tiffany Thornton, Sterling Knight, Brandon Smith, Doug Brochu, Allisyn Arm",United States,"April 3, 2020",2008,TV-G,2 Seasons,"Comedy, Coming of Age, Romance",A teen girl is selected from a nationwide search to join the cast of a sketch-comedy series.
Soy Luna,"Karol Sevilla, Ruggero Pasquarelli, Valentina Zenere, Lucila Gandolfo, Michael Ronda, Carolina Kopelioff","Argentina, Mexico","September 18, 2020",2015,TV-G,3 Seasons,"Comedy, Coming of Age, Drama",Luna will learn that love transcends distance.
Special Agent Oso,"Sean Astin, Meghan Strange, Gary Anthony Williams, Amber Hood, Cam Clarke, Phill Lewis","United States, United Kingdom, South Korea","May 14, 2021",2009,TV-Y,2 Seasons,"Action-Adventure, Animation, Kids",Special Agent Oso is an adorable stuffed bear and an agent-in-training!
Spider-Man,"Christopher Daniel Barnes, Edward Asner, Linda Gray, Rodney Saulsberry, Liz Georges, Saratoga Ballantine",United States,"May 3, 2021",1994,TV-Y7,5 Seasons,"Action-Adventure, Animation, Kids",A young man with spider-like abilities fights crime while trying to have a normal personal life.
Spider-Man and His Amazing Friends,"Hans Conried, Jerry Dexter, George DiCenzo, Alan Dinehart, Walker Edminston, Michael Evans",United States,"November 12, 2019",1982,TV-Y7,1 Season,"Action-Adventure, Animation, Kids",Spider-Man battles crime in New York City with the help of Iceman and Firestar.
Spider-Man Unlimited,"Rino Romano, Kathleen Barr, Jim Byrnes, Garry Chalk, Paul Dobson","United States, Canada","November 12, 2019",1999,TV-Y7,1 Season,"Action-Adventure, Animation, Kids",Strap in to your seats and experience Spider-Man Unlimited!
Spider-Woman,"Joan Ark, Bruce Miller, Bryan Scott, Lou Krugman, Dick Tufeld",United States,"November 12, 2019",1979,TV-Y7,1 Season,"Action-Adventure, Animation, Kids",Jessica Drew has superhuman powers. She uses them as Spider-Woman.
Spidey And His Amazing Friends,"Benjamin Valic, Lily Sanfelippo, Jakari Fraser, Dee Bradley Baker, Melanie Minichino",United States,"September 22, 2021",2021,TV-Y,1 Season,"Action-Adventure, Animation, Kids",Spidey teams up with pals to become The Spidey Team!
Star Wars Forces of Destiny (Shorts),"Ashley Eckstein, Matt Lanter, C1-10P a.k.a. ""Chopper"" , John Boyega, Vanessa Marshall, Felicity Jones",United States,"November 12, 2019",2016,TV-Y7,2 Seasons,"Action-Adventure, Animation, Anthology",Untold stories from the heroines of Star Wars.
Star Wars Rebels,"Taylor Gray, Vanessa Marshall, Freddie Prinze Jr., Tiya Sircar, Steve Blum, C1-10P a.k.a. ""Chopper""",United States,"November 12, 2019",2014,TV-Y7,4 Seasons,"Action-Adventure, Animation, Kids",The Ghost crew provides a spark to ignite a rebellion.
Star Wars Resistance,"Christopher Sean, Josh Brener, Scott Lawrence, Suzie McGrath, As Himself",United States,"February 25, 2020",2018,TV-Y7,2 Seasons,"Action-Adventure, Animation, Kids","Kaz begins his spy mission, but is in over his head."
Star Wars: The Clone Wars,"Tom Kane, Matt Lanter, Ashley Eckstein, James Arnold Taylor, Dee Baker, Corey Burton",United States,"February 21, 2020",2008,TV-PG,7 Seasons,"Action-Adventure, Animation, Science Fiction","The saga continues, set in a faraway galaxy!"
Super Robot Monkey Team Hyperforce Go!,"Greg Cipes, Kevin Michael	Richardson, Tom Kenny, Kari Wahlgren, Clancy Brown, Corey Feldman","United States, Japan","July 17, 2020",2004,TV-Y7,2 Seasons,"Action-Adventure, Animation, Anime",Chiro and a team of five Robot Monkeys defend Shuggazoom City against Skeleton King and his minions.
Supercar Megabuild,Dom Joly,United States,"December 1, 2019",2016,TV-PG,2 Seasons,"Buddy, Docuseries, Lifestyle",A team of top car mechanics create awesome supercar megabuilds.
TaleSpin,"Charlie Adler, Jim Cummings, Ed Gilbert, Chuck McCann, Alan Roberts, Sally Struthers",United States,"November 12, 2019",1990,TV-G,1 Season,"Action-Adventure, Animation, Kids","Follow Baloo, his 12-year old navigator Kit, the boss Rebecca Cunningham, and the rest of the crew."
Tangled: The Series,"Zachary Levi, Mandy Moore, Eden Espinosa, Clancy Brown",United States,"April 23, 2020",2016,TV-Y7,3 Seasons,"Action-Adventure, Animation, Comedy",Rapunzel must discover the secret of her hair.
That's So Raven,"Raven , Orlando Brown, Kyle Massey, Anneliese van der Pol, T’Keyah Keymáh, Rondell Sheridan",United States,"February 8, 2020",2002,TV-G,4 Seasons,"Comedy, Coming of Age, Fantasy",Raven Baxter is a typical teenager who just happens to be psychic.
The Adventures of Spin and Marty,"David Stollery, Tim Considine",United States,"November 12, 2019",1955,TV-G,1 Season,"Buddy, Coming of Age, Family",Spin and Marty have adventures during the summer at Triple R Ranch. See details for advisory.
The Avengers: Earth's Mightiest Heroes,"Eric Loomis, Bumper Robinson, Dawn Olivera, Phil LaMarr, Alex Desert, Kari Wuhrer",United States,"November 12, 2019",2010,TV-Y7,2 Seasons,"Action-Adventure, Animation, Kids",Chaos sweeps over the planet as the Super Villain prison system breaks down.
The Avengers: United They Stand,"Martin Roach, Rod Wilson, Lenore Zann, Ron Rubin, Hamish McEwan, Lynda Ballantyne","France, Canada, United States","November 12, 2019",1999,TV-Y7,1 Season,"Action-Adventure, Animation, Kids","Set in a vibrant, high-tech future, the series focuses on the mightiest superheroes in the universe."
The Book of Pooh,"Jim Cummings, Paul Tiesler, Jeff Bennett, Peter Cullen, Stephanie d’Abruzzo, John Fiedler",United States,"November 12, 2019",2000,TV-Y,2 Seasons,"Comedy, Kids",Pooh and Friends discover Christopher Robin’s storybook filled with endearing tales about them!
The Evermoor Chronicles,"Naomi Sequeira, Finney Cassidy, Georgia Lock, Jordan Loughran, George Sear, Georgie Farmer","United Kingdom, United States","May 29, 2020",2015,TV-PG,2 Seasons,"Coming of Age, Fantasy, Mystery",Tara is trying to settle into a strange village.
The Ghost and Molly McGee,"Ashly Burch, Dana Snyder",United States,"October 6, 2021",2021,TV-Y7,1 Season,"Animation, Buddy, Coming of Age",A grumpy ghost and cheerful tween are eternally bound.
The Greeks,Toby Moore,United States,"June 5, 2020",2016,TV-PG,1 Season,"Docuseries, Historical","Quite simply, the Greeks created our world."
The Incredible Dr. Pol,"Rick Robles, Dr. Pol",United States,"September 8, 2021",2011,TV-14,19 Seasons,"Animals & Nature, Docuseries, Family",Dr. Pol and his team handle challenging veterinary cases and animal emergencies in central Michigan.
The Incredible Hulk,"Neal McDonough, John Vernon, Luke Perry, Lou Ferrigno, Genie Francis",United States,"May 10, 2021",1996,TV-Y7,2 Seasons,"Action-Adventure, Animation, Kids",Scientist Bruce Banner develops a dangerous alter ego – a monster known as the Incredible Hulk.
The Lodge,"Sophie Simnett, Luke Newton, Thomas Doherty, Bethan Wright, Jayden Revri, Jade Alleyne",United Kingdom,"January 15, 2020",2016,TV-G,2 Seasons,"Coming of Age, Drama, Musical",A city girl starts a new life in the country.
The Mandalorian,"Pedro Pascal, Carl Weathers, Gina Carano, Omid Abtahi, Nick Nolte",United States,"October 30, 2020",2019,TV-14,2 Seasons,"Action-Adventure, Family, Science Fiction","After the fall of the Empire, a lone gunfighter makes his way through the lawless galaxy."
The Muppet Show,"Jim Henson, Frank Oz, Dave Goelz, Richard Hunt, Eren Ozker, John Lovelady","United States, United Kingdom","February 19, 2021",1976,TV-PG,5 Seasons,"Comedy, Family, Variety",It's time to raise the curtain on The Muppet Show!
The Muppets (Series),"Bill Barretta, Dave Goelz, Eric Jacobson, Peter Linz, David Rudman, Matt Vogel",United States,"November 12, 2019",2015,TV-PG,1 Season,Comedy,"""The Muppets"" return with a documentary-style show."
The Mysterious Benedict Society,"Tony Hale, Kristen Schaal, Mystic Inscho, Seth Carr, Marta Kessler, Emmy DeOliveira",United States,"June 25, 2021",2021,TV-PG,1 Season,"Action-Adventure, Family",Four gifted orphans are recruited by the eccentric Mr. Benedict to save the world.
The New Adventures of Winnie the Pooh,"Jim Cummings, Paul Winchell, John Fiedler, Ken Sansome, Tim Hoskins, Patty Paris",United States,"November 12, 2019",1988,TV-Y,4 Seasons,"Animation, Kids",The stories of Winnie the Pooh and friends.
The Proud Family,"Tommy Davidson, Paula Parker, Jo Payton, Kyla Pratt, Tara Strong, Karen White",United States,"January 1, 2020",2001,TV-G,2 Seasons,"Animation, Comedy, Coming of Age","Follow the adventures of Penny, a typical African American girl navigating through teen-dom."
The Replacements,"Nancy Cartwright, Grey DeLisle, Kath Soucie, Daran Norris, David McCallum, Jeff Bennett",United States,"November 12, 2019",2006,TV-G,1 Season,"Animation, Comedy, Family","Riley and Todd, can replace any adult in their life by making a simple call to the Fleemco company."
The Right Stuff,"Jake McDorman, Patrick Adams, Colin O’Donoghue, Eloise Mumford, James Lafferty, Nora Zehetner",United States,"October 9, 2020",2020,TV-14,1 Season,"Drama, Historical",The incredible story of the Mercury Seven astronauts and their extraordinary achievements.
The Rocketeer,"Kitana Turnbull, Billy Campbell, Kathy Najimy, Callan Farris, Frank Welker",United States,"October 16, 2020",2019,TV-Y,1 Season,"Action-Adventure, Animation, Kids",Kit becomes a rocket-pack wearing superhero!
The Simpsons,"Dan Castellaneta, Julie Kavner, Nancy Cartwright, Yeardley Smith, Hank Azaria, Pamela Hayden",United States,"September 29, 2021",1989,TV-PG,32 Seasons,"Animation, Comedy","The world’s favorite nuclear family, in the award-winning, history-making series."
The Suite Life of Zack & Cody,"Cole Sprouse, Dylan Sprouse, Brenda Song, Ashley Tisdale, Phill Lewis, Kim Rhodes",United States,"November 12, 2019",2004,TV-G,3 Seasons,"Action-Adventure, Comedy, Coming of Age",Twin brothers Zack and Cody get to live with their single mom in Boston's swankiest hotel.
The Suite Life On Deck,"Cole Sprouse, Dylan Sprouse, Brenda Song, Debby Ryan, Phill Lewis",United States,"November 12, 2019",2008,TV-G,3 Seasons,"Action-Adventure, Comedy, Coming of Age","Zack and Cody Martin are aboard the SS Tipton, a luxury passenger cruise liner."
The Super Hero Squad,"Grey DeLisle, Steve Blum, Mikey Kelly, Charlie Adler, Mark Hamill, Tom Kenny",United States,"January 1, 2020",2009,TV-Y7,2 Seasons,"Action-Adventure, Animation, Comedy",The greatest heroes on the planet unite to face the greatest villains in the Super Hero Squad.
The Wonderful World of Mickey Mouse,"Chris Diamantopoulos, Kaitlyn Robrock, Bill Farmer, Tony Anselmo, Tress MacNeille",United States,"November 18, 2020",2020,TV-G,1 Season,"Action-Adventure, Animation, Anthology",It's nothing but fun for Mickey and friends as they embark on their greatest adventures yet.
The World According to Jeff Goldblum,Jeff Goldblum,United States,"November 12, 2019",2019,TV-PG,2 Seasons,Docuseries,Jeff Goldblum explores the fascinating science and history of deceptively familiar objects.
Timon & Pumbaa,"Quinton Flynn, Ernie Sabella, Jim Cummings, Nathan Lane",United States,"November 12, 2019",1995,TV-Y,3 Seasons,"Animation, Buddy, Comedy","Timon, a meerkat, and Pumbaa, a warthog, join together for misadventures in the jungle."
Tron Uprising,"Elijah Wood, Bruce Boxleitner, Emmanuelle Chriqui, Mandy Moore, Nate Corddry, Lance Henriksen",United States,"April 14, 2020",2011,TV-Y7,1 Season,"Action-Adventure, Animation, Kids","Inside the computer world of the grid, Beck becomes the unlikely leader of a revolution."
Tut's Treasures: Hidden Secrets,Mark Bazeley,United Kingdom,"April 10, 2020",2018,TV-PG,1 Season,"Docuseries, Historical",The pharaoh’s priceless grave goods are being reunited for the first time since their discovery.
United States Of Animals,Quincy Dunn-Baker,United States,"May 1, 2020",2015,TV-PG,1 Season,"Animals & Nature, Docuseries, Family",United States of Animals takes you on a fascinating journey across the United States.
Unlikely Animal Friends,Mark Keller,United States,"May 1, 2020",2012,TV-G,3 Seasons,"Animals & Nature, Docuseries, Family",This series reveals the stories of unlikely duos that have struck up unusual relationships.
Violetta,"Diego Ramos, Martina Stoessel, Pablo Espinosa, Jorge Blanco, Mercedes Lambre, Nicolás Garnier",Argentina,"September 18, 2020",2011,TV-G,3 Seasons,"Coming of Age, Drama, Music",Violetta is a talented teen following her dream.
Walk the Prank,"Cody Veith, Bryce Gheisar, Brandon Severs, Jillian Shea Spaeder, Tobie Windham",United States,"April 2, 2021",2016,TV-Y7,3 Seasons,"Comedy, Reality",Chance and his crew prank unsuspecting targets.
WandaVision,"Elizabeth Olsen, Paul Bettany, Teyonah Parris, Kathryn Hahn, Randall Park, Kat Dennings",United States,"January 15, 2021",2021,TV-14,1 Season,"Drama, Fantasy, Mystery",Two super-powered beings living idealized suburban lives suspect that everything is not as it seems.
Wander Over Yonder,"Jack McBrayer, April Winchell, Keith Ferguson, Tom Kenny","United States, Canada, Ireland","May 7, 2021",2013,TV-Y7,2 Seasons,Comedy,Best friends travel through the cosmos.
Weird But True!,"Charlie Engelman, Kirby Engelman",United States,"August 14, 2020",2017,TV-G,3 Seasons,"Animals & Nature, Kids, Variety","Come along as we reveal fun, strange & surprising facts about our world in Weird But True!"
When Sharks Attack,Eric Meyers,United States,"July 9, 2021",2013,TV-14,7 Seasons,Reality,National Geographic investigates shark attacks.
Wicked Tuna,Mike Rowe,United States,"May 28, 2021",2016,TV-14,10 Seasons,"Action-Adventure, Animals & Nature, Docuseries",Massachusetts fishermen make their living one catch at a time in pursuit of the bluefin tuna.
Wild Cats of India,James Murray,United States,"August 14, 2020",2020,TV-PG,1 Season,"Animals & Nature, Docuseries, Family",Journey across the country’s landscapes to paint an intimate portrait of India's Wild Cats.
Wild Chile,Peter Venn,United Kingdom,"July 17, 2020",2017,TV-PG,1 Season,"Animals & Nature, Docuseries, Family",This beautiful and intriguing blue-chip series explores the incredibly varied wildlife of Chile.
Wild Hawaii,JK Simmons,United States,"June 5, 2020",2014,TV-PG,1 Season,"Animals & Nature, Docuseries, Family",National Geographic takes us on an untamed journey to Hawaii's remarkable lands.
Wild Sri Lanka,Paul McGann,United Kingdom,"July 24, 2020",2016,TV-PG,1 Season,"Animals & Nature, Docuseries",This three-part series reveals the spectacular nature and amazing wildlife of Sri Lanka.
Wild Yellowstone,Bart Thomasson,Germany,"November 12, 2019",2015,TV-PG,1 Season,"Animals & Nature, Docuseries, Travel",Wild Yellowstone captures the beauty and essence of the land and animals.
Wizards of Waverly Place,"Selena Gomez, David Henrie, Jake Austin, Jennifer Stone, Maria Canals-Barrera, David DeLuise",United States,"November 12, 2019",2007,TV-G,4 Seasons,"Comedy, Coming of Age, Fantasy","Alex, Justin, and Max Russo are not your ordinary teenagers – they’re secretly wizards in training!"
Wolverine and The X-Men,"Steve Blum, Chris Edgerly, Jennifer Hale, Michael Ironside, Danielle Judovits, AJ Buckley",United States,"November 12, 2019",2008,TV-Y7,1 Season,"Action-Adventure, Animation, Kids",Wolverine and the X-Men must join together to prevent a catastrophic future.
X-Men: Evolution,"Noel Fisher, Vincent Gale, Christopher Judge, David Kaye, Scott McNeil, Meghan Black",United States,"November 12, 2019",2000,TV-Y7,4 Seasons,"Action-Adventure, Animation, Kids",X-Men: Evolution features the team as teenagers as they fight for a world that fears and hates them.
Year Million,Laurence Fishburne,United States,"January 1, 2020",2016,TV-PG,1 Season,"Docuseries, Science Fiction","Explore what human life might be like, one million years into the future."
